url,tag,title
ERROR,amazon-web-services,AWS Cloudfront redirecting to S3 bucket
ERROR,adobecreativesdk,How to use creative sdk with retrolambda plugin with java 1.7 version
ERROR,android,Receiving push notifications from server on iOS using FCM
ERROR,mysql,Haversine formula on a Firebird database
http://tinyurl.com/jxu3vn9,ios,Xcode:Autolayout set a view to always be in top
http://tinyurl.com/jn6p6kg,ios,After Receiving Notification how can i can get payload on app icon click?
ERROR,c#,Why doesn't Compile() run every time the method is called?
ERROR,c#,Async Task in c#
ERROR,jquery,is it possible to save into folder using createObjectURL?
ERROR,c#,Extract partial Json from from response as per request
ERROR,java,xxx is not part of the schema for this Realm
ERROR,programming-languages,Platform for creating a visual programming language
ERROR,rabbitmq,Federated Queue is not appearing in Downstream node/server
ERROR,oauth-2.0,Get URL of requesting website in WEB API 2
http://tinyurl.com/he6yael,c#,Bullet Prefab Script
http://tinyurl.com/zsb6tnw,java,Get youtube username from access token
ERROR,powershell,Upload File to SFTP using Powershell
http://tinyurl.com/j3u4u7m,html,Webpage changes size when I click to a new page
ERROR,ssh,Setting up external authorized_keys on Google Compute
http://tinyurl.com/ha75v85,jquery,get the option value of multiple dropdown having same class in jquery
ERROR,android,Auto Mirroring for RTL layout doesn't work in Android versions below 6.0
ERROR,excel,How to generate an error message when a particular cell is blank
http://tinyurl.com/gp7x72q,mule,Writing payload to a file and transport using SFTP
ERROR,java,Enforcing the order of deployment in gradle
http://tinyurl.com/zg7zc39,amazon-web-services,AWS Cloudfront redirecting to S3 bucket
ERROR,adobecreativesdk,How to use creative sdk with retrolambda plugin with java 1.7 version
ERROR,android,Receiving push notifications from server on iOS using FCM
http://tinyurl.com/gms6hm4,mysql,Haversine formula on a Firebird database
ERROR,ios,Xcode:Autolayout set a view to always be in top
ERROR,ios,After Receiving Notification how can i can get payload on app icon click?
ERROR,c#,Why doesn't Compile() run every time the method is called?
http://tinyurl.com/jdt26fv,c#,Async Task in c#
ERROR,jquery,is it possible to save into folder using createObjectURL?
ERROR,c#,Extract partial Json from from response as per request
ERROR,java,xxx is not part of the schema for this Realm
ERROR,programming-languages,Platform for creating a visual programming language
http://tinyurl.com/zysksjy,rabbitmq,Federated Queue is not appearing in Downstream node/server
ERROR,oauth-2.0,Get URL of requesting website in WEB API 2
ERROR,c#,Bullet Prefab Script
ERROR,java,Get youtube username from access token
ERROR,powershell,Upload File to SFTP using Powershell
ERROR,html,Webpage changes size when I click to a new page
ERROR,ssh,Setting up external authorized_keys on Google Compute
ERROR,jquery,get the option value of multiple dropdown having same class in jquery
ERROR,android,Auto Mirroring for RTL layout doesn't work in Android versions below 6.0
ERROR,excel,How to generate an error message when a particular cell is blank
http://tinyurl.com/gp7x72q,mule,Writing payload to a file and transport using SFTP
http://tinyurl.com/jbbgsbj,java,Enforcing the order of deployment in gradle
